{
  "cli": {
    "version": ">= 9.0.10"
  },
  "build": {
    "androidPreview": {
      "developmentClient": true,
      "distribution": "internal",
      "android": {
        "buildType": "app-bundle",
        "gradleCommand": ":app:assembleRelease"
      }
    },
    "production-android": {
      "distribution": "internal",
      "android": {
        "buildType": "app-bundle"
      }
    },
    "development": {
      "developmentClient": true,
      "distribution": "internal"
    },
    "preview": {
      "developmentClient": true,
      "distribution": "internal",
      "android": {
        "buildType": "app-bundle",
        "gradleCommand": ":app:assembleRelease"
      }
    },
    "production": {
      "developmentClient": false,
      "distribution": "internal",
      "android": {
        "buildType": "app-bundle"
      },
      "env": {
      "EAS_NO_PREBUILD": "1",
      "EAS_SKIP_AUTO_FINGERPRINT": "1"
    }
  }
}
}
